{"cameraMode":{"drawMode":0,"name":"Shaded","section":"Shading Mode"},"sceneLighting":false,"audioPlay":false,"sceneViewState":{"m_AlwaysRefresh":false,"showFog":true,"showSkybox":true,"showFlares":true,"showImageEffects":true,"showParticleSystems":true,"showVisualEffectGraphs":true,"m_FxEnabled":false},"in2DMode":false,"pivot":{"x":9.124879837036133,"y":3.8282852172851564,"z":6.846821308135986},"rotation":{"x":0.36458390951156618,"y":0.45564427971839907,"z":-0.21190913021564485,"w":0.7839518785476685},"size":21.446887969970704,"orthographic":false}